,body,conversation,created_at,entities,id,likes,links,mentioned_users,reshare_message,reshares,source,symbols,user
0,"$TSLA Thanks for sharing. The valuation is ridiculously low. Also It‚Äôs hi tech, should have a higher PE than 4. $AAPL $AMZN $NVDA $FB $RACE",,2018-10-02T21:58:22Z,{'sentiment': None},139753589,"{'total': 1, 'user_ids': [1442893]}",,[],"{'reshared_count': 1, 'reshared_deleted': False, 'reshared_user_deleted': False, 'parent_reshared_deleted': False, 'message': {'id': 139752853, 'body': '$TSLA üëáüèºüëáüèºüëáüèº', 'created_at': '2018-10-02T21:53:50Z', 'user': {'id': 767238, 'username': 'Thankfulness', 'name': 'Thankfulness', 'avatar_url': 'https://avatars.stocktwits.com/production/767238/thumb-1525655689.png', 'avatar_url_ssl': 'https://avatars.stocktwits.com/production/767238/thumb-1525655689.png', 'join_date': '2016-06-06', 'official': False, 'identity': 'User', 'classification': [], 'followers': 998, 'following': 47, 'ideas': 21978, 'watchlist_stocks_count': 143, 'like_count': 20727}, 'source': {'id': 1149, 'title': 'StockTwits for iOS', 'url': 'http://www.stocktwits.com/mobile'}, 'symbols': [{'id': 8660, 'symbol': 'TSLA', 'title': 'Tesla, Inc.', 'aliases': [], 'is_following': False, 'watchlist_count': 181077}], 'conversation': {'parent_message_id': 139752853, 'in_reply_to_message_id': None, 'parent': True, 'replies': 1}, 'likes': {'total': 3, 'user_ids': [584870, 994434, 948882]}, 'mentioned_users': [], 'entities': {'chart': {'thumb': 'https://charts.stocktwits.com/production/small_139752853.png', 'large': 'https://charts.stocktwits.com/production/large_139752853.png', 'original': 'https://charts.stocktwits.com/production/original_139752853.png', 'url': 'https://charts.stocktwits.com/production/original_139752853.png'}, 'sentiment': None}}}",,"{'id': 1149, 'title': 'StockTwits for iOS', 'url': 'http://www.stocktwits.com/mobile'}","[{'id': 686, 'symbol': 'AAPL', 'title': 'Apple Inc.', 'aliases': [], 'is_following': False, 'watchlist_count': 254547}, {'id': 864, 'symbol': 'AMZN', 'title': 'Amazon.com Inc.', 'aliases': [], 'is_following': False, 'watchlist_count': 169434}, {'id': 2925, 'symbol': 'NVDA', 'title': 'NVIDIA Corporation', 'aliases': [], 'is_following': False, 'watchlist_count': 110066}, {'id': 7871, 'symbol': 'FB', 'title': 'Facebook', 'aliases': ['FBOOK'], 'is_following': False, 'watchlist_count': 185076}, {'id': 8660, 'symbol': 'TSLA', 'title': 'Tesla, Inc.', 'aliases': [], 'is_following': False, 'watchlist_count': 181077}, {'id': 12840, 'symbol': 'RACE', 'title': 'Ferrari', 'aliases': [], 'is_following': False, 'watchlist_count': 4174}]","{'id': 274615, 'username': 'simpleplan', 'name': 'Brandon', 'avatar_url': 'https://avatars.stocktwits.com/production/274615/thumb-1504804958.png', 'avatar_url_ssl': 'https://avatars.stocktwits.com/production/274615/thumb-1504804958.png', 'join_date': '2013-10-27', 'official': False, 'identity': 'User', 'classification': [], 'followers': 144, 'following': 4, 'ideas': 9379, 'watchlist_stocks_count': 21, 'like_count': 5976}"
1,$PBR $AMD $GE $AAPL $INTC $TSLA $AMZN $MSFT $BAC $FB $INTC $NFLX $VALE $FTV $AMRN $X $SQ $BA $WWE which do u think I have most puts on lol..,,2018-10-02T21:56:43Z,{'sentiment': {'basic': 'Bearish'}},139753294,,,[],,,"{'id': 2269, 'title': 'StockTwits Web', 'url': 'https://stocktwits.com'}","[{'id': 686, 'symbol': 'AAPL', 'title': 'Apple Inc.', 'aliases': [], 'is_following': False, 'watchlist_count': 254547}, {'id': 853, 'symbol': 'AMRN', 'title': 'Amarin Corporation plc', 'aliases': [], 'is_following': False, 'watchlist_count': 14112}, {'id': 864, 'symbol': 'AMZN', 'title': 'Amazon.com Inc.', 'aliases': [], 'is_following': False, 'watchlist_count': 169431}, {'id': 2310, 'symbol': 'INTC', 'title': 'Intel Corporation', 'aliases': [], 'is_following': False, 'watchlist_count': 48052}, {'id': 2735, 'symbol': 'MSFT', 'title': 'Microsoft Corporation', 'aliases': [], 'is_following': False, 'watchlist_count': 97609}, {'id': 2839, 'symbol': 'NFLX', 'title': 'Netflix, Inc.', 'aliases': [], 'is_following': False, 'watchlist_count': 147139}, {'id': 4331, 'symbol': 'AMD', 'title': 'Advanced Micro Devices, Inc.', 'aliases': [], 'is_following': False, 'watchlist_count': 143774}, {'id': 4437, 'symbol': 'BA', 'title': 'Boeing Co.', 'aliases': [], 'is_following': False, 'watchlist_count': 25090}, {'id': 4438, 'symbol': 'BAC', 'title': 'Bank of America Corporation', 'aliases': [], 'is_following': False, 'watchlist_count': 65625}, {'id': 5481, 'symbol': 'GE', 'title': 'General Electric Co.', 'aliases': [], 'is_following': False, 'watchlist_count': 60786}, {'id': 6685, 'symbol': 'PBR', 'title': 'Petroleo Brasileiro', 'aliases': [], 'is_following': False, 'watchlist_count': 7756}, {'id': 7612, 'symbol': 'VALE', 'title': 'Vale S.A.', 'aliases': [], 'is_following': False, 'watchlist_count': 6303}, {'id': 7781, 'symbol': 'WWE', 'title': 'World Wrestling Entertainment Inc.', 'aliases': [], 'is_following': False, 'watchlist_count': 4734}, {'id': 7789, 'symbol': 'X', 'title': 'United States Steel Corp.', 'aliases': [], 'is_following': False, 'watchlist_count': 19560}, {'id': 7871, 'symbol': 'FB', 'title': 'Facebook', 'aliases': ['FBOOK'], 'is_following': False, 'watchlist_count': 185076}, {'id': 7991, 'symbol': 'SQ', 'title': 'Square', 'aliases': ['SQUARE'], 'is_following': False, 'watchlist_count': 54893}, {'id': 8660, 'symbol': 'TSLA', 'title': 'Tesla, Inc.', 'aliases': [], 'is_following': False, 'watchlist_count': 181077}, {'id': 13089, 'symbol': 'FTV', 'title': 'Fortive Corp', 'aliases': [], 'is_following': False, 'watchlist_count': 297}]","{'id': 1618627, 'username': 'INVESTORIA', 'name': 'Silvester Investor', 'avatar_url': 'https://avatars.stocktwits.com/production/1618627/thumb-1538516344.png', 'avatar_url_ssl': 'https://avatars.stocktwits.com/production/1618627/thumb-1538516344.png', 'join_date': '2018-09-20', 'official': False, 'identity': 'User', 'classification': [], 'followers': 10, 'following': 1, 'ideas': 50, 'watchlist_stocks_count': 1, 'like_count': 0}"
2,$PBR $AMD $GE $AAPL $INTC $TSLA $AMZN $MSFT $BAC $FB $INTC $NFLX $VALE $FTV $AMRN $X $SQ $BA $GILD  wow we crushed the quick movers,,2018-10-02T21:55:36Z,{'sentiment': {'basic': 'Bearish'}},139753123,,,[],,,"{'id': 2269, 'title': 'StockTwits Web', 'url': 'https://stocktwits.com'}","[{'id': 686, 'symbol': 'AAPL', 'title': 'Apple Inc.', 'aliases': [], 'is_following': False, 'watchlist_count': 254547}, {'id': 853, 'symbol': 'AMRN', 'title': 'Amarin Corporation plc', 'aliases': [], 'is_following': False, 'watchlist_count': 14108}, {'id': 864, 'symbol': 'AMZN', 'title': 'Amazon.com Inc.', 'aliases': [], 'is_following': False, 'watchlist_count': 169431}, {'id': 2010, 'symbol': 'GILD', 'title': 'Gilead Sciences Inc.', 'aliases': [], 'is_following': False, 'watchlist_count': 35788}, {'id': 2310, 'symbol': 'INTC', 'title': 'Intel Corporation', 'aliases': [], 'is_following': False, 'watchlist_count': 48052}, {'id': 2735, 'symbol': 'MSFT', 'title': 'Microsoft Corporation', 'aliases': [], 'is_following': False, 'watchlist_count': 97609}, {'id': 2839, 'symbol': 'NFLX', 'title': 'Netflix, Inc.', 'aliases': [], 'is_following': False, 'watchlist_count': 147139}, {'id': 4331, 'symbol': 'AMD', 'title': 'Advanced Micro Devices, Inc.', 'aliases': [], 'is_following': False, 'watchlist_count': 143774}, {'id': 4437, 'symbol': 'BA', 'title': 'Boeing Co.', 'aliases': [], 'is_following': False, 'watchlist_count': 25090}, {'id': 4438, 'symbol': 'BAC', 'title': 'Bank of America Corporation', 'aliases': [], 'is_following': False, 'watchlist_count': 65625}, {'id': 5481, 'symbol': 'GE', 'title': 'General Electric Co.', 'aliases': [], 'is_following': False, 'watchlist_count': 60786}, {'id': 6685, 'symbol': 'PBR', 'title': 'Petroleo Brasileiro', 'aliases': [], 'is_following': False, 'watchlist_count': 7756}, {'id': 7612, 'symbol': 'VALE', 'title': 'Vale S.A.', 'aliases': [], 'is_following': False, 'watchlist_count': 6303}, {'id': 7789, 'symbol': 'X', 'title': 'United States Steel Corp.', 'aliases': [], 'is_following': False, 'watchlist_count': 19560}, {'id': 7871, 'symbol': 'FB', 'title': 'Facebook', 'aliases': ['FBOOK'], 'is_following': False, 'watchlist_count': 185076}, {'id': 7991, 'symbol': 'SQ', 'title': 'Square', 'aliases': ['SQUARE'], 'is_following': False, 'watchlist_count': 54893}, {'id': 8660, 'symbol': 'TSLA', 'title': 'Tesla, Inc.', 'aliases': [], 'is_following': False, 'watchlist_count': 181077}, {'id': 13089, 'symbol': 'FTV', 'title': 'Fortive Corp', 'aliases': [], 'is_following': False, 'watchlist_count': 297}]","{'id': 1618627, 'username': 'INVESTORIA', 'name': 'Silvester Investor', 'avatar_url': 'https://avatars.stocktwits.com/production/1618627/thumb-1538516344.png', 'avatar_url_ssl': 'https://avatars.stocktwits.com/production/1618627/thumb-1538516344.png', 'join_date': '2018-09-20', 'official': False, 'identity': 'User', 'classification': [], 'followers': 10, 'following': 1, 'ideas': 47, 'watchlist_stocks_count': 1, 'like_count': 0}"
3,$AAPL I came up with my name long and strong years ago yet Apple continued to just destroy the competition. The most amazing cash machine!!!,,2018-10-02T21:54:53Z,{'sentiment': {'basic': 'Bullish'}},139753005,"{'total': 2, 'user_ids': [198089, 1396147]}",,[],,,"{'id': 1149, 'title': 'StockTwits for iOS', 'url': 'http://www.stocktwits.com/mobile'}","[{'id': 686, 'symbol': 'AAPL', 'title': 'Apple Inc.', 'aliases': [], 'is_following': False, 'watchlist_count': 254549}]","{'id': 276526, 'username': 'applelongandstrong', 'name': 'Bert Fegis', 'avatar_url': 'https://avatars.stocktwits.com/production/276526/thumb-1383350872.png', 'avatar_url_ssl': 'https://avatars.stocktwits.com/production/276526/thumb-1383350872.png', 'join_date': '2013-11-01', 'official': False, 'identity': 'User', 'classification': [], 'followers': 63, 'following': 186, 'ideas': 1941, 'watchlist_stocks_count': 41, 'like_count': 22}"
4,$TSLA $AAPL $AMZN They lie about facts on Tesla almost on weekly basis. Serving their advertising masters. They get millions from oil/auto,,2018-10-02T21:54:03Z,{'sentiment': None},139752888,"{'total': 2, 'user_ids': [714252, 102835]}",,[],"{'reshared_count': 2, 'reshared_deleted': False, 'reshared_user_deleted': False, 'parent_reshared_deleted': False, 'message': {'id': 139746618, 'body': '$TSLA remember the fake news paid for by powers that be. They are gifting you a lower price, it‚Äôll go higher by 2019', 'created_at': '2018-10-02T21:18:02Z', 'user': {'id': 723131, 'username': 'mcmuggets', 'name': 'Tesla Long', 'avatar_url': 'https://avatars.stocktwits.com/production/723131/thumb-1530305025.png', 'avatar_url_ssl': 'https://avatars.stocktwits.com/production/723131/thumb-1530305025.png', 'join_date': '2016-04-06', 'official': False, 'identity': 'User', 'classification': [], 'followers': 191, 'following': 98, 'ideas': 19303, 'watchlist_stocks_count': 30, 'like_count': 17003}, 'source': {'id': 1149, 'title': 'StockTwits for iOS', 'url': 'http://www.stocktwits.com/mobile'}, 'symbols': [{'id': 8660, 'symbol': 'TSLA', 'title': 'Tesla, Inc.', 'aliases': [], 'is_following': False, 'watchlist_count': 181077}], 'conversation': {'parent_message_id': 139746618, 'in_reply_to_message_id': None, 'parent': True, 'replies': 7}, 'likes': {'total': 8, 'user_ids': [867614, 334317, 584870, 748375, 714252, 274615, 707393, 457209]}, 'mentioned_users': [], 'entities': {'chart': {'thumb': 'https://charts.stocktwits.com/production/small_139746618.png', 'large': 'https://charts.stocktwits.com/production/large_139746618.png', 'original': 'https://charts.stocktwits.com/production/original_139746618.png', 'url': 'https://charts.stocktwits.com/production/original_139746618.png'}, 'sentiment': {'basic': 'Bullish'}}}}",,"{'id': 1149, 'title': 'StockTwits for iOS', 'url': 'http://www.stocktwits.com/mobile'}","[{'id': 686, 'symbol': 'AAPL', 'title': 'Apple Inc.', 'aliases': [], 'is_following': False, 'watchlist_count': 254547}, {'id': 864, 'symbol': 'AMZN', 'title': 'Amazon.com Inc.', 'aliases': [], 'is_following': False, 'watchlist_count': 169434}, {'id': 8660, 'symbol': 'TSLA', 'title': 'Tesla, Inc.', 'aliases': [], 'is_following': False, 'watchlist_count': 181077}]","{'id': 274615, 'username': 'simpleplan', 'name': 'Brandon', 'avatar_url': 'https://avatars.stocktwits.com/production/274615/thumb-1504804958.png', 'avatar_url_ssl': 'https://avatars.stocktwits.com/production/274615/thumb-1504804958.png', 'join_date': '2013-10-27', 'official': False, 'identity': 'User', 'classification': [], 'followers': 144, 'following': 4, 'ideas': 9379, 'watchlist_stocks_count': 21, 'like_count': 5976}"
5,$AAPL,,2018-10-02T21:53:07Z,{'sentiment': {'basic': 'Bullish'}},139752732,,,[],,,"{'id': 2095, 'title': 'StockTwits For Android ', 'url': 'http://www.stocktwits.com/mobile'}","[{'id': 686, 'symbol': 'AAPL', 'title': 'Apple Inc.', 'aliases': [], 'is_following': False, 'watchlist_count': 254545}]","{'id': 1506540, 'username': 'noles2017', 'name': 'Eddy Garza', 'avatar_url': 'https://avatars.stocktwits.com/production/1506540/thumb-1532664895.png', 'avatar_url_ssl': 'https://avatars.stocktwits.com/production/1506540/thumb-1532664895.png', 'join_date': '2018-05-28', 'official': False, 'identity': 'User', 'classification': [], 'followers': 4, 'following': 27, 'ideas': 60, 'watchlist_stocks_count': 46, 'like_count': 181}"
6,$AAPL = Gold! If you don&#39;t like Gold then maybe your just stupid!,,2018-10-02T21:50:34Z,{'sentiment': {'basic': 'Bullish'}},139752315,"{'total': 1, 'user_ids': [198089]}",,[],,,"{'id': 2269, 'title': 'StockTwits Web', 'url': 'https://stocktwits.com'}","[{'id': 686, 'symbol': 'AAPL', 'title': 'Apple Inc.', 'aliases': [], 'is_following': False, 'watchlist_count': 254549}]","{'id': 1556216, 'username': 'Vinny1990', 'name': 'Vince Morgan', 'avatar_url': 'https://avatars.stocktwits.com/production/1556216/thumb-1532644668.png', 'avatar_url_ssl': 'https://avatars.stocktwits.com/production/1556216/thumb-1532644668.png', 'join_date': '2018-07-25', 'official': False, 'identity': 'User', 'classification': [], 'followers': 12, 'following': 0, 'ideas': 1401, 'watchlist_stocks_count': 2, 'like_count': 306}"
7,$AAPL Here we GOOOO!! 250$$$$$üìàüìàüìàüìà‚úîÔ∏èüíµüíµüíµüìàü§ëüí∞,,2018-10-02T21:49:47Z,"{'chart': {'thumb': 'https://charts.stocktwits.com/production/small_139752201.png', 'large': 'https://charts.stocktwits.com/production/large_139752201.png', 'original': 'https://charts.stocktwits.com/production/original_139752201.png', 'url': 'https://charts.stocktwits.com/production/original_139752201.png'}, 'sentiment': {'basic': 'Bullish'}}",139752201,"{'total': 2, 'user_ids': [749340, 806079]}",,[],,,"{'id': 1149, 'title': 'StockTwits for iOS', 'url': 'http://www.stocktwits.com/mobile'}","[{'id': 686, 'symbol': 'AAPL', 'title': 'Apple Inc.', 'aliases': [], 'is_following': False, 'watchlist_count': 254547}]","{'id': 467880, 'username': 'lrgnike20', 'name': 'Mitchell Fox', 'avatar_url': 'https://avatars.stocktwits.com/production/467880/thumb-1426597191.png', 'avatar_url_ssl': 'https://avatars.stocktwits.com/production/467880/thumb-1426597191.png', 'join_date': '2015-02-18', 'official': False, 'identity': 'User', 'classification': [], 'followers': 12, 'following': 61, 'ideas': 763, 'watchlist_stocks_count': 16, 'like_count': 2751}"
8,$PBR $AMD $GE $AAPL $INTC $TSLA $AMZN $MSFT $BAC $FB $INTC $NFLX $VALE $FTV $AMRN $X $SQ $BA options on all follow for alerts,"{'parent_message_id': 139752043, 'in_reply_to_message_id': None, 'parent': True, 'replies': 1}",2018-10-02T21:48:53Z,{'sentiment': {'basic': 'Bearish'}},139752043,"{'total': 2, 'user_ids': [936461, 1615961]}",,[],,,"{'id': 2269, 'title': 'StockTwits Web', 'url': 'https://stocktwits.com'}","[{'id': 686, 'symbol': 'AAPL', 'title': 'Apple Inc.', 'aliases': [], 'is_following': False, 'watchlist_count': 254545}, {'id': 853, 'symbol': 'AMRN', 'title': 'Amarin Corporation plc', 'aliases': [], 'is_following': False, 'watchlist_count': 14108}, {'id': 864, 'symbol': 'AMZN', 'title': 'Amazon.com Inc.', 'aliases': [], 'is_following': False, 'watchlist_count': 169431}, {'id': 2310, 'symbol': 'INTC', 'title': 'Intel Corporation', 'aliases': [], 'is_following': False, 'watchlist_count': 48052}, {'id': 2735, 'symbol': 'MSFT', 'title': 'Microsoft Corporation', 'aliases': [], 'is_following': False, 'watchlist_count': 97609}, {'id': 2839, 'symbol': 'NFLX', 'title': 'Netflix, Inc.', 'aliases': [], 'is_following': False, 'watchlist_count': 147139}, {'id': 4331, 'symbol': 'AMD', 'title': 'Advanced Micro Devices, Inc.', 'aliases': [], 'is_following': False, 'watchlist_count': 143768}, {'id': 4437, 'symbol': 'BA', 'title': 'Boeing Co.', 'aliases': [], 'is_following': False, 'watchlist_count': 25090}, {'id': 4438, 'symbol': 'BAC', 'title': 'Bank of America Corporation', 'aliases': [], 'is_following': False, 'watchlist_count': 65626}, {'id': 5481, 'symbol': 'GE', 'title': 'General Electric Co.', 'aliases': [], 'is_following': False, 'watchlist_count': 60786}, {'id': 6685, 'symbol': 'PBR', 'title': 'Petroleo Brasileiro', 'aliases': [], 'is_following': False, 'watchlist_count': 7756}, {'id': 7612, 'symbol': 'VALE', 'title': 'Vale S.A.', 'aliases': [], 'is_following': False, 'watchlist_count': 6303}, {'id': 7789, 'symbol': 'X', 'title': 'United States Steel Corp.', 'aliases': [], 'is_following': False, 'watchlist_count': 19560}, {'id': 7871, 'symbol': 'FB', 'title': 'Facebook', 'aliases': ['FBOOK'], 'is_following': False, 'watchlist_count': 185075}, {'id': 7991, 'symbol': 'SQ', 'title': 'Square', 'aliases': ['SQUARE'], 'is_following': False, 'watchlist_count': 54893}, {'id': 8660, 'symbol': 'TSLA', 'title': 'Tesla, Inc.', 'aliases': [], 'is_following': False, 'watchlist_count': 181074}, {'id': 13089, 'symbol': 'FTV', 'title': 'Fortive Corp', 'aliases': [], 'is_following': False, 'watchlist_count': 297}]","{'id': 1618627, 'username': 'INVESTORIA', 'name': 'Silvester Investor', 'avatar_url': 'https://avatars.stocktwits.com/production/1618627/thumb-1538516344.png', 'avatar_url_ssl': 'https://avatars.stocktwits.com/production/1618627/thumb-1538516344.png', 'join_date': '2018-09-20', 'official': False, 'identity': 'User', 'classification': [], 'followers': 10, 'following': 1, 'ideas': 47, 'watchlist_stocks_count': 1, 'like_count': 0}"
9,"$AAPL $BRK.B $BRK.B $QQQ  
apple kills it 
https://www.yoptionz.com/blog/the-icon-of-iphone-warren-buffet",,2018-10-02T21:48:29Z,{'sentiment': {'basic': 'Bullish'}},139751982,,"[{'title': 'Blog | Yoptionz', 'url': 'https://www.yoptionz.com/blog/the-icon-of-iphone-warren-buffet', 'shortened_url': 'https://www.yoptionz.com/blog/the-icon-of-iphone-warren-buffet', 'shortened_expanded_url': 'yoptionz.com/blog/the-icon-...', 'description': 'Start understanding the stock market and learn how you can utilize personal finance. Learn to trade stocks and levrage your in\u200b come!', 'image': 'https://static.wixstatic.com/media/f56354_afdeacfbdd30411a8dac1c5575e6c0d2%7Emv2.png', 'created_at': '2018-10-02T21:48:29Z', 'video_url': None, 'source': {'name': 'Yoptionz: Finance simplified', 'website': 'https://www.yoptionz.com'}}]",[],,,"{'id': 2269, 'title': 'StockTwits Web', 'url': 'https://stocktwits.com'}","[{'id': 686, 'symbol': 'AAPL', 'title': 'Apple Inc.', 'aliases': [], 'is_following': False, 'watchlist_count': 254545}, {'id': 8132, 'symbol': 'BRK.B', 'title': 'Berkshire Hathaway Inc.', 'aliases': ['BRKB'], 'is_following': False, 'watchlist_count': 15877}, {'id': 9581, 'symbol': 'QQQ', 'title': 'PowerShares Nasdaq-100 QQQ', 'aliases': ['QQQQ'], 'is_following': False, 'watchlist_count': 33310}]","{'id': 1629841, 'username': 'Alex971_9', 'name': 'Alex', 'avatar_url': 'http://avatars.stocktwits.com/images/default_avatar_thumb.jpg', 'avatar_url_ssl': 'https://s3.amazonaws.com/st-avatars/images/default_avatar_thumb.jpg', 'join_date': '2018-09-26', 'official': False, 'identity': 'User', 'classification': [], 'followers': 2, 'following': 0, 'ideas': 240, 'watchlist_stocks_count': 7, 'like_count': 19}"
10,$AAPL October event is our catalyst plus we see how iPhone Xr is received,,2018-10-02T21:48:00Z,{'sentiment': None},139751899,,,[],"{'reshared_count': 1, 'reshared_deleted': False, 'reshared_user_deleted': False, 'parent_reshared_deleted': False, 'message': {'id': 139750067, 'body': '$AAPL with new high in, no catalysts until earnings. Careful here!', 'created_at': '2018-10-02T21:37:42Z', 'user': {'id': 545015, 'username': 'NewYorkerHK', 'name': 'New York Guy', 'avatar_url': 'https://avatars.stocktwits.com/production/545015/thumb-1523833883.png', 'avatar_url_ssl': 'https://avatars.stocktwits.com/production/545015/thumb-1523833883.png', 'join_date': '2015-07-06', 'official': False, 'identity': 'User', 'classification': [], 'followers': 25, 'following': 94, 'ideas': 2397, 'watchlist_stocks_count': 13, 'like_count': 2534}, 'source': {'id': 1149, 'title': 'StockTwits for iOS', 'url': 'http://www.stocktwits.com/mobile'}, 'symbols': [{'id': 686, 'symbol': 'AAPL', 'title': 'Apple Inc.', 'aliases': [], 'is_following': False, 'watchlist_count': 254545}], 'mentioned_users': [], 'entities': {'sentiment': None}}}",,"{'id': 1149, 'title': 'StockTwits for iOS', 'url': 'http://www.stocktwits.com/mobile'}","[{'id': 686, 'symbol': 'AAPL', 'title': 'Apple Inc.', 'aliases': [], 'is_following': False, 'watchlist_count': 254545}]","{'id': 859132, 'username': 'TrumpWon', 'name': 'JJT', 'avatar_url': 'https://avatars.stocktwits.com/production/859132/thumb-1483404357.png', 'avatar_url_ssl': 'https://avatars.stocktwits.com/production/859132/thumb-1483404357.png', 'join_date': '2016-10-13', 'official': False, 'identity': 'User', 'classification': [], 'followers': 5, 'following': 12, 'ideas': 875, 'watchlist_stocks_count': 77, 'like_count': 394}"
11,üî•ORDER FLOW SENTIMENT IN ACTIVE NAMES: $PBR $AMD $GE $AAPL $INTC $TSLA $AMZN $MSFT $BAC $FB $INTC $NFLX $VALE $FTV $AMRN $X $SQ $BA,,2018-10-02T21:47:07Z,"{'chart': {'thumb': 'https://charts.stocktwits.com/production/small_139751748.jpg', 'large': 'https://charts.stocktwits.com/production/large_139751748.jpg', 'original': 'https://charts.stocktwits.com/production/original_139751748.jpg', 'url': 'https://charts.stocktwits.com/production/original_139751748.jpg'}, 'sentiment': None}",139751748,,,[],,"{'reshared_count': 0, 'user_ids': [219515]}","{'id': 2095, 'title': 'StockTwits For Android ', 'url': 'http://www.stocktwits.com/mobile'}","[{'id': 686, 'symbol': 'AAPL', 'title': 'Apple Inc.', 'aliases': [], 'is_following': False, 'watchlist_count': 254545}, {'id': 853, 'symbol': 'AMRN', 'title': 'Amarin Corporation plc', 'aliases': [], 'is_following': False, 'watchlist_count': 14108}, {'id': 864, 'symbol': 'AMZN', 'title': 'Amazon.com Inc.', 'aliases': [], 'is_following': False, 'watchlist_count': 169430}, {'id': 2310, 'symbol': 'INTC', 'title': 'Intel Corporation', 'aliases': [], 'is_following': False, 'watchlist_count': 48051}, {'id': 2735, 'symbol': 'MSFT', 'title': 'Microsoft Corporation', 'aliases': [], 'is_following': False, 'watchlist_count': 97609}, {'id': 2839, 'symbol': 'NFLX', 'title': 'Netflix, Inc.', 'aliases': [], 'is_following': False, 'watchlist_count': 147139}, {'id': 4331, 'symbol': 'AMD', 'title': 'Advanced Micro Devices, Inc.', 'aliases': [], 'is_following': False, 'watchlist_count': 143768}, {'id': 4437, 'symbol': 'BA', 'title': 'Boeing Co.', 'aliases': [], 'is_following': False, 'watchlist_count': 25090}, {'id': 4438, 'symbol': 'BAC', 'title': 'Bank of America Corporation', 'aliases': [], 'is_following': False, 'watchlist_count': 65626}, {'id': 5481, 'symbol': 'GE', 'title': 'General Electric Co.', 'aliases': [], 'is_following': False, 'watchlist_count': 60787}, {'id': 6685, 'symbol': 'PBR', 'title': 'Petroleo Brasileiro', 'aliases': [], 'is_following': False, 'watchlist_count': 7756}, {'id': 7612, 'symbol': 'VALE', 'title': 'Vale S.A.', 'aliases': [], 'is_following': False, 'watchlist_count': 6303}, {'id': 7789, 'symbol': 'X', 'title': 'United States Steel Corp.', 'aliases': [], 'is_following': False, 'watchlist_count': 19560}, {'id': 7871, 'symbol': 'FB', 'title': 'Facebook', 'aliases': ['FBOOK'], 'is_following': False, 'watchlist_count': 185075}, {'id': 7991, 'symbol': 'SQ', 'title': 'Square', 'aliases': ['SQUARE'], 'is_following': False, 'watchlist_count': 54893}, {'id': 8660, 'symbol': 'TSLA', 'title': 'Tesla, Inc.', 'aliases': [], 'is_following': False, 'watchlist_count': 181074}, {'id': 13089, 'symbol': 'FTV', 'title': 'Fortive Corp', 'aliases': [], 'is_following': False, 'watchlist_count': 297}]","{'id': 112834, 'username': 'WallStJesus', 'name': 'JE$US', 'avatar_url': 'https://avatars.stocktwits.com/production/112834/thumb-1538373993.png', 'avatar_url_ssl': 'https://avatars.stocktwits.com/production/112834/thumb-1538373993.png', 'join_date': '2011-10-19', 'official': False, 'identity': 'User', 'classification': ['suggested'], 'followers': 39201, 'following': 91, 'ideas': 51715, 'watchlist_stocks_count': 12, 'like_count': 653}"
12,"$AAPL with new high in, no catalysts until earnings. Careful here!",,2018-10-02T21:37:42Z,{'sentiment': None},139750067,"{'total': 1, 'user_ids': [806079]}",,[],,"{'reshared_count': 1, 'user_ids': [859132]}","{'id': 1149, 'title': 'StockTwits for iOS', 'url': 'http://www.stocktwits.com/mobile'}","[{'id': 686, 'symbol': 'AAPL', 'title': 'Apple Inc.', 'aliases': [], 'is_following': False, 'watchlist_count': 254547}]","{'id': 545015, 'username': 'NewYorkerHK', 'name': 'New York Guy', 'avatar_url': 'https://avatars.stocktwits.com/production/545015/thumb-1523833883.png', 'avatar_url_ssl': 'https://avatars.stocktwits.com/production/545015/thumb-1523833883.png', 'join_date': '2015-07-06', 'official': False, 'identity': 'User', 'classification': [], 'followers': 25, 'following': 94, 'ideas': 2397, 'watchlist_stocks_count': 13, 'like_count': 2534}"
13,$AAPL 232.92-238.00 is the minimum target within the wave (5) and then another leg lower in 3 waves should happen.#elliottwave,,2018-10-02T21:22:19Z,{'sentiment': None},139747364,,,[],,,"{'id': 2269, 'title': 'StockTwits Web', 'url': 'https://stocktwits.com'}","[{'id': 686, 'symbol': 'AAPL', 'title': 'Apple Inc.', 'aliases': [], 'is_following': False, 'watchlist_count': 254545}]","{'id': 128933, 'username': 'ElliottwaveForecast', 'name': 'Elliottwave Forecast', 'avatar_url': 'https://avatars.stocktwits.com/production/128933/thumb-1352397796.png', 'avatar_url_ssl': 'https://avatars.stocktwits.com/production/128933/thumb-1352397796.png', 'join_date': '2012-01-10', 'official': True, 'identity': 'Official', 'classification': ['suggested', 'official'], 'followers': 35583, 'following': 9, 'ideas': 125410, 'watchlist_stocks_count': 0, 'like_count': 6}"
14,"$AAPL The stock with a new high today, here is the Weekend update to member  at https://elliottwave-forecast.com/ calling new highs.#elliottwave",,2018-10-02T21:17:37Z,"{'chart': {'thumb': 'https://charts.stocktwits.com/production/small_139746539.jpg', 'large': 'https://charts.stocktwits.com/production/large_139746539.jpg', 'original': 'https://charts.stocktwits.com/production/original_139746539.jpg', 'url': 'https://charts.stocktwits.com/production/original_139746539.jpg'}, 'sentiment': {'basic': 'Bullish'}}",139746539,,"[{'title': 'Elliott Wave Forecast : Analysis and Trading Signals', 'url': 'https://elliottwave-forecast.com/', 'shortened_url': 'https://elliottwave-forecast.com/', 'shortened_expanded_url': 'elliottwave-forecast.com/', 'description': 'I have been in trading business for 8 years. I have to admit that my starting point as a trader was pretty bad as I did all the beginner mistakes one can possibly do and received several margin calls on prior accounts.', 'image': 'https://elliottwave-forecast.com/wp-content/uploads/2011/04/home-page-2.jpg', 'created_at': '2018-10-02T21:17:40Z', 'video_url': None, 'source': {'name': 'Elliott Wave Forecast : Analysis and Trading Signals', 'website': 'https://elliottwave-forecast.com'}}]",[],,,"{'id': 2269, 'title': 'StockTwits Web', 'url': 'https://stocktwits.com'}","[{'id': 686, 'symbol': 'AAPL', 'title': 'Apple Inc.', 'aliases': [], 'is_following': False, 'watchlist_count': 254546}]","{'id': 128933, 'username': 'ElliottwaveForecast', 'name': 'Elliottwave Forecast', 'avatar_url': 'https://avatars.stocktwits.com/production/128933/thumb-1352397796.png', 'avatar_url_ssl': 'https://avatars.stocktwits.com/production/128933/thumb-1352397796.png', 'join_date': '2012-01-10', 'official': True, 'identity': 'Official', 'classification': ['suggested', 'official'], 'followers': 35583, 'following': 9, 'ideas': 125410, 'watchlist_stocks_count': 0, 'like_count': 6}"
15,"$FIT more on it $AAPL $GOOG $MSFT https://www.mobihealthnews.com/content/carecloud-adds-practice-personalization-features-algorithm-prescribes-antibiotic-therapies
 Fitbit‚Äôs devices are the only such trackers that are proven to be interoperable","{'parent_message_id': 139743053, 'in_reply_to_message_id': 139743053, 'parent': False, 'replies': 3}",2018-10-02T21:07:54Z,{'sentiment': None},139744551,,"[{'title': 'CareCloud adds practice personalization features, algorithm prescribes antibiotic therapies, and more digital health news briefs', 'url': 'https://www.mobihealthnews.com/content/carecloud-adds-practice-personalization-features-algorithm-prescribes-antibiotic-therapies', 'shortened_url': 'https://www.mobihealthnews.com/content/carecloud-adds-practice-personalization-features-algorithm-prescribes-antibiotic-therapies', 'shortened_expanded_url': 'mobihealthnews.com/content/...', 'description': 'New features to personalize practices. Miami-based EHR and practice management software company CareCloud announced that it is expanding its platform with a slew of new features for its platform Breeze. Among these are support for personalized URLs and webpages for practices, configurable patient feedback surveys, and a new patient experience management dashboard.', 'image': 'https://www.mobihealthnews.com/sites/default/files/healthcare_it_stethoscope_2_1.jpg', 'created_at': '2018-10-02T21:07:55Z', 'video_url': None, 'source': {'name': 'MobiHealthNews', 'website': 'https://www.mobihealthnews.com'}}]",[],,,"{'id': 2269, 'title': 'StockTwits Web', 'url': 'https://stocktwits.com'}","[{'id': 686, 'symbol': 'AAPL', 'title': 'Apple Inc.', 'aliases': [], 'is_following': False, 'watchlist_count': 254545}, {'id': 2044, 'symbol': 'GOOG', 'title': 'Alphabet Inc. Class C', 'aliases': [], 'is_following': False, 'watchlist_count': 94611}, {'id': 2735, 'symbol': 'MSFT', 'title': 'Microsoft Corporation', 'aliases': [], 'is_following': False, 'watchlist_count': 97607}, {'id': 12600, 'symbol': 'FIT', 'title': 'Fitbit', 'aliases': [], 'is_following': False, 'watchlist_count': 39478}]","{'id': 276704, 'username': 'stockchancellor', 'name': 'ACG', 'avatar_url': 'https://avatars.stocktwits.com/production/276704/thumb-1383687303.png', 'avatar_url_ssl': 'https://avatars.stocktwits.com/production/276704/thumb-1383687303.png', 'join_date': '2013-11-02', 'official': False, 'identity': 'User', 'classification': [], 'followers': 130, 'following': 3, 'ideas': 7357, 'watchlist_stocks_count': 44, 'like_count': 154}"
16,"$AAPL  
key 
https://www.yoptionz.com/blog/the-icon-of-iphone-warren-buffet",,2018-10-02T21:03:07Z,{'sentiment': {'basic': 'Bullish'}},139743663,"{'total': 1, 'user_ids': [1292138]}","[{'title': 'Blog | Yoptionz', 'url': 'https://www.yoptionz.com/blog/the-icon-of-iphone-warren-buffet', 'shortened_url': 'https://www.yoptionz.com/blog/the-icon-of-iphone-warren-buffet', 'shortened_expanded_url': 'yoptionz.com/blog/the-icon-...', 'description': 'Start understanding the stock market and learn how you can utilize personal finance. Learn to trade stocks and levrage your in\u200b come!', 'image': 'https://static.wixstatic.com/media/f56354_afdeacfbdd30411a8dac1c5575e6c0d2%7Emv2.png', 'created_at': '2018-10-02T21:03:10Z', 'video_url': None, 'source': {'name': 'Yoptionz: Finance simplified', 'website': 'https://www.yoptionz.com'}}]",[],,,"{'id': 2269, 'title': 'StockTwits Web', 'url': 'https://stocktwits.com'}","[{'id': 686, 'symbol': 'AAPL', 'title': 'Apple Inc.', 'aliases': [], 'is_following': False, 'watchlist_count': 254544}]","{'id': 1629841, 'username': 'Alex971_9', 'name': 'Alex', 'avatar_url': 'http://avatars.stocktwits.com/images/default_avatar_thumb.jpg', 'avatar_url_ssl': 'https://s3.amazonaws.com/st-avatars/images/default_avatar_thumb.jpg', 'join_date': '2018-09-26', 'official': False, 'identity': 'User', 'classification': [], 'followers': 2, 'following': 0, 'ideas': 238, 'watchlist_stocks_count': 7, 'like_count': 19}"
17,$AAPL what the F$&amp;@ is everything red today except $aapl $AMD $FB $ACB.CA ?!!!! Glad for $AAPL but come on!,"{'parent_message_id': 139743404, 'in_reply_to_message_id': None, 'parent': True, 'replies': 1}",2018-10-02T21:01:41Z,{'sentiment': {'basic': 'Bullish'}},139743404,"{'total': 3, 'user_ids': [727491, 1396147, 1249929]}",,[],,,"{'id': 1149, 'title': 'StockTwits for iOS', 'url': 'http://www.stocktwits.com/mobile'}","[{'id': 686, 'symbol': 'AAPL', 'title': 'Apple Inc.', 'aliases': [], 'is_following': False, 'watchlist_count': 254545}, {'id': 4331, 'symbol': 'AMD', 'title': 'Advanced Micro Devices, Inc.', 'aliases': [], 'is_following': False, 'watchlist_count': 143763}, {'id': 7871, 'symbol': 'FB', 'title': 'Facebook', 'aliases': ['FBOOK'], 'is_following': False, 'watchlist_count': 185072}, {'id': 13397, 'symbol': 'ACB.CA', 'title': 'Aurora Cannabis', 'aliases': [], 'is_following': False, 'watchlist_count': 21775}]","{'id': 1012325, 'username': 'HEcheto1', 'name': 'Hector Echeto', 'avatar_url': 'https://avatars.stocktwits.com/production/1012325/thumb-1537687165.png', 'avatar_url_ssl': 'https://avatars.stocktwits.com/production/1012325/thumb-1537687165.png', 'join_date': '2017-03-29', 'official': False, 'identity': 'User', 'classification': [], 'followers': 1, 'following': 2, 'ideas': 72, 'watchlist_stocks_count': 28, 'like_count': 53}"
18,$TRVN $TRXC $AAPL $TRPX WHAT A DAY üöÄüöÄüöÄüöÄüåôüí∞üí∞üí•,,2018-10-02T21:00:21Z,{'sentiment': {'basic': 'Bullish'}},139743058,"{'total': 4, 'user_ids': [641016, 1442893, 880454, 1396147]}",,[],,,"{'id': 1149, 'title': 'StockTwits for iOS', 'url': 'http://www.stocktwits.com/mobile'}","[{'id': 686, 'symbol': 'AAPL', 'title': 'Apple Inc.', 'aliases': [], 'is_following': False, 'watchlist_count': 254545}, {'id': 11685, 'symbol': 'TRVN', 'title': 'Trevena', 'aliases': [], 'is_following': False, 'watchlist_count': 9336}, {'id': 11985, 'symbol': 'TRXC', 'title': 'TransEnterix Inc. ', 'aliases': [], 'is_following': False, 'watchlist_count': 28951}, {'id': 13411, 'symbol': 'TRPX', 'title': 'Therapix Biosciences Ltd. ', 'aliases': [], 'is_following': False, 'watchlist_count': 3021}]","{'id': 1451126, 'username': 'DoubleDDer', 'name': 'AD', 'avatar_url': 'https://avatars.stocktwits.com/production/1451126/thumb-1537104475.png', 'avatar_url_ssl': 'https://avatars.stocktwits.com/production/1451126/thumb-1537104475.png', 'join_date': '2018-03-21', 'official': False, 'identity': 'User', 'classification': [], 'followers': 37, 'following': 27, 'ideas': 4453, 'watchlist_stocks_count': 91, 'like_count': 1447}"
19,"$FIT breaking news, govt buying fitbits in pilot program for military hospitals $aapl $goog https://mhealthintelligence.com/news/us-army-to-use-fitbits-in-rpm-pilot-program-at-2-military-hospitals","{'parent_message_id': 139743053, 'in_reply_to_message_id': None, 'parent': True, 'replies': 5}",2018-10-02T21:00:20Z,{'sentiment': None},139743053,"{'total': 2, 'user_ids': [942072, 1513580]}","[{'title': 'US Army to Use Fitbits in RPM Pilot Program at 2 Military Hospitals', 'url': 'https://mhealthintelligence.com/news/us-army-to-use-fitbits-in-rpm-pilot-program-at-2-military-hospitals', 'shortened_url': 'https://mhealthintelligence.com/news/us-army-to-use-fitbits-in-rpm-pilot-program-at-2-military-hospitals', 'shortened_expanded_url': 'mhealthintelligence.com/new...', 'description': 'The US Army will be using more than 500 Fitbit activity trackers in a remote patient monitoring program at two military hospitals. The US Army Medical Research Acquisition Activity (USAMRAA) is budgeting almost $81,000 to purchase the mHealth wearables through a sole-source contract.', 'image': 'https://mhealthintelligence.com/images/site/article_headers/_normal/2017-01-11-mobile-health-technology.gif', 'created_at': '2018-10-02T21:00:23Z', 'video_url': None, 'source': {'name': 'mHealthIntelligence', 'website': 'https://mhealthintelligence.com'}}]",[],,,"{'id': 2269, 'title': 'StockTwits Web', 'url': 'https://stocktwits.com'}","[{'id': 686, 'symbol': 'AAPL', 'title': 'Apple Inc.', 'aliases': [], 'is_following': False, 'watchlist_count': 254544}, {'id': 2044, 'symbol': 'GOOG', 'title': 'Alphabet Inc. Class C', 'aliases': [], 'is_following': False, 'watchlist_count': 94611}, {'id': 12600, 'symbol': 'FIT', 'title': 'Fitbit', 'aliases': [], 'is_following': False, 'watchlist_count': 39478}]","{'id': 276704, 'username': 'stockchancellor', 'name': 'ACG', 'avatar_url': 'https://avatars.stocktwits.com/production/276704/thumb-1383687303.png', 'avatar_url_ssl': 'https://avatars.stocktwits.com/production/276704/thumb-1383687303.png', 'join_date': '2013-11-02', 'official': False, 'identity': 'User', 'classification': [], 'followers': 130, 'following': 3, 'ideas': 7358, 'watchlist_stocks_count': 44, 'like_count': 154}"
20,$AAPL OGEN,,2018-10-02T20:59:07Z,{'sentiment': {'basic': 'Bullish'}},139742847,"{'total': 1, 'user_ids': [1396147]}",,[],,,"{'id': 2095, 'title': 'StockTwits For Android ', 'url': 'http://www.stocktwits.com/mobile'}","[{'id': 686, 'symbol': 'AAPL', 'title': 'Apple Inc.', 'aliases': [], 'is_following': False, 'watchlist_count': 254545}]","{'id': 1478873, 'username': 'Andreaflores', 'name': 'Andrea Flores', 'avatar_url': 'https://avatars.stocktwits.com/production/1478873/thumb-1538392714.png', 'avatar_url_ssl': 'https://avatars.stocktwits.com/production/1478873/thumb-1538392714.png', 'join_date': '2018-04-24', 'official': False, 'identity': 'User', 'classification': [], 'followers': 27, 'following': 0, 'ideas': 111, 'watchlist_stocks_count': 6, 'like_count': 3}"
21,$AAPL  52w high earlier 230.00  https://youtu.be/_ysgEnKnJtg,,2018-10-02T20:58:43Z,{'sentiment': None},139742771,"{'total': 1, 'user_ids': [1396147]}","[{'title': 'Trading the stock market open,,,, $TSLA $TLRY', 'url': 'https://youtu.be/_ysgEnKnJtg', 'shortened_url': 'https://youtu.be/_ysgEnKnJtg', 'shortened_expanded_url': 'youtube.com/watch?v=_ysgEnK...', 'description': 'Uploaded by Smallshare Trading on 2018-10-01.', 'image': 'https://i.ytimg.com/vi/_ysgEnKnJtg/hqdefault.jpg', 'created_at': '2018-10-02T20:58:43Z', 'video_url': None, 'source': {'name': 'YouTube', 'website': 'https://www.youtube.com/'}}]",[],,,"{'id': 2095, 'title': 'StockTwits For Android ', 'url': 'http://www.stocktwits.com/mobile'}","[{'id': 686, 'symbol': 'AAPL', 'title': 'Apple Inc.', 'aliases': [], 'is_following': False, 'watchlist_count': 254545}]","{'id': 266242, 'username': 'SmallShare', 'name': 'SmallShare Trading', 'avatar_url': 'https://avatars.stocktwits.com/production/266242/thumb-1516705650.png', 'avatar_url_ssl': 'https://avatars.stocktwits.com/production/266242/thumb-1516705650.png', 'join_date': '2013-10-01', 'official': False, 'identity': 'User', 'classification': [], 'followers': 147, 'following': 0, 'ideas': 7729, 'watchlist_stocks_count': 110, 'like_count': 221}"
22,$AMZN $AAPL $NFLX there‚Äôs room in the market for multiple winners. It‚Äôs not winner takes all.,,2018-10-02T20:57:32Z,{'sentiment': None},139742548,"{'total': 1, 'user_ids': [1049690]}",,[],"{'reshared_count': 1, 'reshared_deleted': False, 'reshared_user_deleted': False, 'parent_reshared_deleted': False, 'message': {'id': 139741033, 'body': '$AMZN is now challenging $AAPL in important segments like HomePod, Music, original content, and more... $NFLX is on Alexa&#39;s radar next!!!', 'created_at': '2018-10-02T20:48:55Z', 'user': {'id': 118770, 'username': 'AdvancedArbitrageFLLC', 'name': 'KEN ZAPPALA', 'avatar_url': 'https://avatars.stocktwits.com/production/118770/thumb-1392942633.png', 'avatar_url_ssl': 'https://avatars.stocktwits.com/production/118770/thumb-1392942633.png', 'join_date': '2011-11-16', 'official': False, 'identity': 'User', 'classification': [], 'followers': 8, 'following': 1, 'ideas': 366, 'watchlist_stocks_count': 7, 'like_count': 888}, 'source': {'id': 2269, 'title': 'StockTwits Web', 'url': 'https://stocktwits.com'}, 'symbols': [{'id': 686, 'symbol': 'AAPL', 'title': 'Apple Inc.', 'aliases': [], 'is_following': False, 'watchlist_count': 254546}, {'id': 864, 'symbol': 'AMZN', 'title': 'Amazon.com Inc.', 'aliases': [], 'is_following': False, 'watchlist_count': 169431}, {'id': 2839, 'symbol': 'NFLX', 'title': 'Netflix, Inc.', 'aliases': [], 'is_following': False, 'watchlist_count': 147139}], 'likes': {'total': 3, 'user_ids': [755779, 1312922, 1250493]}, 'mentioned_users': [], 'entities': {'sentiment': {'basic': 'Bullish'}}}}",,"{'id': 1149, 'title': 'StockTwits for iOS', 'url': 'http://www.stocktwits.com/mobile'}","[{'id': 686, 'symbol': 'AAPL', 'title': 'Apple Inc.', 'aliases': [], 'is_following': False, 'watchlist_count': 254546}, {'id': 864, 'symbol': 'AMZN', 'title': 'Amazon.com Inc.', 'aliases': [], 'is_following': False, 'watchlist_count': 169431}, {'id': 2839, 'symbol': 'NFLX', 'title': 'Netflix, Inc.', 'aliases': [], 'is_following': False, 'watchlist_count': 147139}]","{'id': 165596, 'username': 'calvingrinder', 'name': 'Calvin Grinder', 'avatar_url': 'https://avatars.stocktwits.com/production/165596/thumb-1416323558.png', 'avatar_url_ssl': 'https://avatars.stocktwits.com/production/165596/thumb-1416323558.png', 'join_date': '2012-06-26', 'official': False, 'identity': 'User', 'classification': [], 'followers': 179, 'following': 64, 'ideas': 13083, 'watchlist_stocks_count': 25, 'like_count': 4170}"
23,$AAPL this looks primed for a breakout tomorrow,,2018-10-02T20:55:27Z,"{'chart': {'thumb': 'https://charts.stocktwits.com/production/small_139742169.png', 'large': 'https://charts.stocktwits.com/production/large_139742169.png', 'original': 'https://charts.stocktwits.com/production/original_139742169.png', 'url': 'https://charts.stocktwits.com/production/original_139742169.png'}, 'sentiment': None}",139742169,"{'total': 8, 'user_ids': [1616489, 696767, 1495658, 209265, 1439393, 1550561, 994459, 1241019]}",,[],,,"{'id': 2269, 'title': 'StockTwits Web', 'url': 'https://stocktwits.com'}","[{'id': 686, 'symbol': 'AAPL', 'title': 'Apple Inc.', 'aliases': [], 'is_following': False, 'watchlist_count': 254545}]","{'id': 50220, 'username': 'Learnstocks101', 'name': 'Learnstocks Community', 'avatar_url': 'https://avatars.stocktwits.com/production/50220/thumb-1355460167.png', 'avatar_url_ssl': 'https://avatars.stocktwits.com/production/50220/thumb-1355460167.png', 'join_date': '2011-02-04', 'official': False, 'identity': 'User', 'classification': [], 'followers': 1934, 'following': 3, 'ideas': 17851, 'watchlist_stocks_count': 5, 'like_count': 5}"
24,"$AAPL holding firm w/ top of range breakout watch above 230.74, analysis https://stockconsultant.com/?AAPL",,2018-10-02T20:53:18Z,"{'chart': {'thumb': 'https://charts.stocktwits.com/production/small_139741788.png', 'large': 'https://charts.stocktwits.com/production/large_139741788.png', 'original': 'https://charts.stocktwits.com/production/original_139741788.png', 'url': 'https://charts.stocktwits.com/production/original_139741788.png'}, 'sentiment': None}",139741788,,"[{'title': 'StockConsultant technical analysis and trading charts for AAPL, $AAPL, Apple Inc', 'url': 'https://stockconsultant.com/?AAPL', 'shortened_url': 'https://stockconsultant.com/?AAPL', 'shortened_expanded_url': 'stockconsultant.com/consult...', 'description': 'Latest AAPL, $AAPL, Apple Inc stock analysis with optimal trading entry, price T1, T2 and breakout targets, trailing stop, support and resistance and more technical indicators!', 'image': 'https://cdk.stockconsultant.com/img/sc200logov2.png', 'created_at': '2018-10-02T20:53:20Z', 'video_url': None, 'source': {'name': 'StockConsultant', 'website': 'https://www.stockconsultant.com'}}]",[],,,"{'id': 2022, 'title': 'StockConsultant.com', 'url': 'http://www.stockconsultant.com'}","[{'id': 686, 'symbol': 'AAPL', 'title': 'Apple Inc.', 'aliases': [], 'is_following': False, 'watchlist_count': 254546}]","{'id': 82091, 'username': 'StockConsultant', 'name': 'StockConsultant.com', 'avatar_url': 'https://avatars.stocktwits.com/production/82091/thumb-1461595356.png', 'avatar_url_ssl': 'https://avatars.stocktwits.com/production/82091/thumb-1461595356.png', 'join_date': '2011-06-02', 'official': False, 'identity': 'User', 'classification': [], 'followers': 31131, 'following': 1876, 'ideas': 11995, 'watchlist_stocks_count': 0, 'like_count': 85}"
25,"Hot Options Report For End Of Day - Tuesday, Oct. 2 $PBR $FTV $AAPL $BAC $VALE $GE https://goo.gl/msEH86",,2018-10-02T20:50:40Z,{'sentiment': None},139741336,,"[{'title': 'Hot Options Report For End Of Day - Tuesday, Oct. 2', 'url': 'https://goo.gl/msEH86', 'shortened_url': 'https://goo.gl/msEH86', 'shortened_expanded_url': 'talkmarkets.com/content/opt...', 'description': 'Top tickers for end of day: PBR, FTV, AAPL, BAC, VALE, GE', 'image': 'http://www.theoptionsinsider.com/wp-content/uploads/2018/10/EOD.png', 'created_at': '2018-10-02T20:50:43Z', 'video_url': None, 'source': {'name': 'TalkMarkets', 'website': 'http://www.talkmarkets.com'}}]",[],,,"{'id': 1644, 'title': 'TalkMarkets', 'url': 'http://talkmarkets.com'}","[{'id': 686, 'symbol': 'AAPL', 'title': 'Apple Inc.', 'aliases': [], 'is_following': False, 'watchlist_count': 254546}, {'id': 4438, 'symbol': 'BAC', 'title': 'Bank of America Corporation', 'aliases': [], 'is_following': False, 'watchlist_count': 65626}, {'id': 5481, 'symbol': 'GE', 'title': 'General Electric Co.', 'aliases': [], 'is_following': False, 'watchlist_count': 60786}, {'id': 6685, 'symbol': 'PBR', 'title': 'Petroleo Brasileiro', 'aliases': [], 'is_following': False, 'watchlist_count': 7754}, {'id': 7612, 'symbol': 'VALE', 'title': 'Vale S.A.', 'aliases': [], 'is_following': False, 'watchlist_count': 6303}, {'id': 13089, 'symbol': 'FTV', 'title': 'Fortive Corp', 'aliases': [], 'is_following': False, 'watchlist_count': 297}]","{'id': 296805, 'username': 'TalkMarkets', 'name': 'TalkMarkets', 'avatar_url': 'https://avatars.stocktwits.com/production/296805/thumb-1388900805.png', 'avatar_url_ssl': 'https://avatars.stocktwits.com/production/296805/thumb-1388900805.png', 'join_date': '2014-01-05', 'official': True, 'identity': 'Official', 'classification': ['official'], 'followers': 27361, 'following': 289, 'ideas': 196910, 'watchlist_stocks_count': 0, 'like_count': 251}"
26,"$AMZN is now challenging $AAPL in important segments like HomePod, Music, original content, and more... $NFLX is on Alexa&#39;s radar next!!!",,2018-10-02T20:48:55Z,{'sentiment': {'basic': 'Bullish'}},139741033,"{'total': 7, 'user_ids': [755779, 1312922, 1250493, 1447458, 1051876, 1292138, 1405312]}",,[],,"{'reshared_count': 1, 'user_ids': [165596]}","{'id': 2269, 'title': 'StockTwits Web', 'url': 'https://stocktwits.com'}","[{'id': 686, 'symbol': 'AAPL', 'title': 'Apple Inc.', 'aliases': [], 'is_following': False, 'watchlist_count': 254549}, {'id': 864, 'symbol': 'AMZN', 'title': 'Amazon.com Inc.', 'aliases': [], 'is_following': False, 'watchlist_count': 169434}, {'id': 2839, 'symbol': 'NFLX', 'title': 'Netflix, Inc.', 'aliases': [], 'is_following': False, 'watchlist_count': 147141}]","{'id': 118770, 'username': 'AdvancedArbitrageFLLC', 'name': 'KEN ZAPPALA', 'avatar_url': 'https://avatars.stocktwits.com/production/118770/thumb-1392942633.png', 'avatar_url_ssl': 'https://avatars.stocktwits.com/production/118770/thumb-1392942633.png', 'join_date': '2011-11-16', 'official': False, 'identity': 'User', 'classification': [], 'followers': 8, 'following': 1, 'ideas': 366, 'watchlist_stocks_count': 7, 'like_count': 888}"
27,$AAPL thx to artman1033 for the pretty in green graphic:,,2018-10-02T20:47:25Z,"{'chart': {'thumb': 'https://charts.stocktwits.com/production/small_139740711.png', 'large': 'https://charts.stocktwits.com/production/large_139740711.png', 'original': 'https://charts.stocktwits.com/production/original_139740711.png', 'url': 'https://charts.stocktwits.com/production/original_139740711.png'}, 'sentiment': {'basic': 'Bullish'}}",139740711,"{'total': 3, 'user_ids': [174450, 735655, 1396147]}",,[],,,"{'id': 1149, 'title': 'StockTwits for iOS', 'url': 'http://www.stocktwits.com/mobile'}","[{'id': 686, 'symbol': 'AAPL', 'title': 'Apple Inc.', 'aliases': [], 'is_following': False, 'watchlist_count': 254545}]","{'id': 165596, 'username': 'calvingrinder', 'name': 'Calvin Grinder', 'avatar_url': 'https://avatars.stocktwits.com/production/165596/thumb-1416323558.png', 'avatar_url_ssl': 'https://avatars.stocktwits.com/production/165596/thumb-1416323558.png', 'join_date': '2012-06-26', 'official': False, 'identity': 'User', 'classification': [], 'followers': 179, 'following': 64, 'ideas': 13083, 'watchlist_stocks_count': 25, 'like_count': 4170}"
28,"Pretty boring After-market of #SP500 gainers: $PNW $FOXA $O $GLW $INTC $QCOM $JNJ $AAPL $JPM $JCI $D
https://www.finscreener.com/screener/top-gainers?&amp;o=1006",,2018-10-02T20:45:54Z,"{'chart': {'thumb': 'https://charts.stocktwits.com/production/small_139740354.png', 'large': 'https://charts.stocktwits.com/production/large_139740354.png', 'original': 'https://charts.stocktwits.com/production/original_139740354.png', 'url': 'https://charts.stocktwits.com/production/original_139740354.png'}, 'sentiment': {'basic': 'Bullish'}}",139740354,"{'total': 1, 'user_ids': [1396147]}","[{'title': 'Top Gainers - Screener | Finscreener', 'url': 'https://www.finscreener.com/screener/top-gainers?&o=1006', 'shortened_url': 'https://www.finscreener.com/screener/top-gainers?&o=1006', 'shortened_expanded_url': 'finscreener.com/screener/to...', 'description': 'Top Gainers shows U.S. markets and europe market top gainers including pre market price, after hours price and actual quotes together with performance.', 'image': 'https://www.finscreener.com/broker_images/eToro-logo-image.jpg', 'created_at': '2018-10-02T20:45:57Z', 'video_url': None, 'source': {'name': 'Finscreener', 'website': 'https://www.finscreener.com'}}]",[],,,"{'id': 2269, 'title': 'StockTwits Web', 'url': 'https://stocktwits.com'}","[{'id': 686, 'symbol': 'AAPL', 'title': 'Apple Inc.', 'aliases': [], 'is_following': False, 'watchlist_count': 254545}, {'id': 2310, 'symbol': 'INTC', 'title': 'Intel Corporation', 'aliases': [], 'is_following': False, 'watchlist_count': 48038}, {'id': 3290, 'symbol': 'QCOM', 'title': 'QUALCOMM Incorporated', 'aliases': [], 'is_following': False, 'watchlist_count': 19291}, {'id': 4900, 'symbol': 'D', 'title': 'Dominion Resources, Inc.', 'aliases': [], 'is_following': False, 'watchlist_count': 1538}, {'id': 5548, 'symbol': 'GLW', 'title': 'Corning Inc.', 'aliases': [], 'is_following': False, 'watchlist_count': 4311}, {'id': 5971, 'symbol': 'JCI', 'title': 'Johnson Controls Inc.', 'aliases': [], 'is_following': False, 'watchlist_count': 1330}, {'id': 6011, 'symbol': 'JNJ', 'title': 'Johnson & Johnson', 'aliases': [], 'is_following': False, 'watchlist_count': 16588}, {'id': 6020, 'symbol': 'JPM', 'title': 'JPMorgan Chase & Co.', 'aliases': [], 'is_following': False, 'watchlist_count': 29239}, {'id': 6617, 'symbol': 'O', 'title': 'Realty Income Corp.', 'aliases': [], 'is_following': False, 'watchlist_count': 4487}, {'id': 6848, 'symbol': 'PNW', 'title': 'Pinnacle West Capital Corporation', 'aliases': [], 'is_following': False, 'watchlist_count': 109}, {'id': 11576, 'symbol': 'FOXA', 'title': 'Twenty-First Century Fox Inc', 'aliases': [], 'is_following': False, 'watchlist_count': 2967}]","{'id': 1550174, 'username': 'Finscreener', 'name': 'Finscreener', 'avatar_url': 'https://avatars.stocktwits.com/production/1550174/thumb-1531918007.png', 'avatar_url_ssl': 'https://avatars.stocktwits.com/production/1550174/thumb-1531918007.png', 'join_date': '2018-07-18', 'official': False, 'identity': 'User', 'classification': [], 'followers': 29, 'following': 19, 'ideas': 141, 'watchlist_stocks_count': 0, 'like_count': 3}"
29,$TSLA This is what future world domination of a trillion dollar market looks like. Like $AAPL iphones in 2007. $spy $qqq $amd $amzn $goog,"{'parent_message_id': 139739619, 'in_reply_to_message_id': None, 'parent': True, 'replies': 20}",2018-10-02T20:42:00Z,"{'chart': {'thumb': 'https://charts.stocktwits.com/production/small_139739619.jpg', 'large': 'https://charts.stocktwits.com/production/large_139739619.jpg', 'original': 'https://charts.stocktwits.com/production/original_139739619.jpg', 'url': 'https://charts.stocktwits.com/production/original_139739619.jpg'}, 'sentiment': {'basic': 'Bullish'}}",139739619,"{'total': 8, 'user_ids': [994434, 886414, 1635432, 1554824, 1550561, 617131, 433964, 1594033]}",,[],,,"{'id': 2095, 'title': 'StockTwits For Android ', 'url': 'http://www.stocktwits.com/mobile'}","[{'id': 686, 'symbol': 'AAPL', 'title': 'Apple Inc.', 'aliases': [], 'is_following': False, 'watchlist_count': 254547}, {'id': 864, 'symbol': 'AMZN', 'title': 'Amazon.com Inc.', 'aliases': [], 'is_following': False, 'watchlist_count': 169431}, {'id': 2044, 'symbol': 'GOOG', 'title': 'Alphabet Inc. Class C', 'aliases': [], 'is_following': False, 'watchlist_count': 94610}, {'id': 4331, 'symbol': 'AMD', 'title': 'Advanced Micro Devices, Inc.', 'aliases': [], 'is_following': False, 'watchlist_count': 143774}, {'id': 7271, 'symbol': 'SPY', 'title': 'SPDR S&P 500', 'aliases': [], 'is_following': False, 'watchlist_count': 98081}, {'id': 8660, 'symbol': 'TSLA', 'title': 'Tesla, Inc.', 'aliases': [], 'is_following': False, 'watchlist_count': 181077}, {'id': 9581, 'symbol': 'QQQ', 'title': 'PowerShares Nasdaq-100 QQQ', 'aliases': ['QQQQ'], 'is_following': False, 'watchlist_count': 33310}]","{'id': 1557265, 'username': 'Pr0fit_Designer', 'name': 'Stay Long AMD and TESLA', 'avatar_url': 'https://avatars.stocktwits.com/production/1557265/thumb-1532580357.png', 'avatar_url_ssl': 'https://avatars.stocktwits.com/production/1557265/thumb-1532580357.png', 'join_date': '2018-07-26', 'official': False, 'identity': 'User', 'classification': [], 'followers': 26, 'following': 4, 'ideas': 648, 'watchlist_stocks_count': 42, 'like_count': 434}"
